<?xml version="1.0" encoding="UTF-8"?>
<product name="imageshow" version="5.0.4" author="joomlashine"
	description="JSN ImageShow" sources="sourcepicasa" themes="themeclassic">
	<core>
		<task name="dbtruncate">
			<tables>
				<table name="#__imageshow_source_profile">
					<parameters>
						<parameter>
							<![CDATA[
								TRUNCATE TABLE `#__imageshow_source_profile`;
							]]>
						</parameter>
					</parameters>
				</table>
				<table name="#__imageshow_theme_profile">
					<parameters>
						<parameter>
							<![CDATA[
								TRUNCATE TABLE `#__imageshow_theme_profile`;
							]]>
						</parameter>
					</parameters>
				</table>
				<table name="#__imageshow_showcase">
					<parameters>
						<parameter>
							<![CDATA[
								TRUNCATE TABLE `#__imageshow_showcase`;
							]]>
						</parameter>
					</parameters>
				</table>
				<table name="#__imageshow_showlist">
					<parameters>
						<parameter>
							<![CDATA[
								TRUNCATE TABLE `#__imageshow_showlist`;
							]]>
						</parameter>
					</parameters>
				</table>
				<table name="#__imageshow_images">
					<parameters>
						<parameter>
							<![CDATA[
								TRUNCATE TABLE `#__imageshow_images`;
							]]>
						</parameter>
					</parameters>
				</table>
			</tables>
		</task>
		<task name="dbinstall">
			<tables>
				<table name="#__imageshow_source_profile">
					<parameters>
						<parameter order="1">
							<![CDATA[
								INSERT INTO `#__imageshow_source_profile` (`external_source_profile_id`, `external_source_id`) VALUES (1, 1), (2, 1), (3, 1);
							]]>
						</parameter>
					</parameters>
				</table>
				<table name="#__imageshow_theme_profile">
					<parameters>
						<parameter order="1">
							<![CDATA[
								INSERT INTO `#__imageshow_theme_profile` (`theme_id`, `showcase_id`, `theme_name`, `theme_style_name`) VALUES (1, 1, 'themeclassic', 'javascript'), (2, 2, 'themeclassic', 'javascript');
							]]>
						</parameter>
					</parameters>
				</table>
				<table name="#__imageshow_showcase">
					<parameters>
						<parameter order="1">
							<![CDATA[
								INSERT INTO `#__imageshow_showcase` (`showcase_id`, `showcase_title`, `published`, `ordering`, `general_overall_width`, `general_overall_height`, `date_created`, `date_modified`) VALUES
								(1, 'Showcase Example - Standard Gallery ', 1, 2, '100%', '450', '2011-10-10 04:48:15', '2011-10-10 04:48:15');
							]]>
						</parameter>
						<parameter order="2">
							<![CDATA[
								INSERT INTO `#__imageshow_showcase` (`showcase_id`, `showcase_title`, `published`, `ordering`, `general_overall_width`, `general_overall_height`, `date_created`, `date_modified`) VALUES
								(2, 'Showcase Example - Simple Slideshow ', 1, 1, '100%', '450', '2011-10-10 04:49:15', '2011-10-10 04:50:14');
							]]>
						</parameter>
					</parameters>
				</table>
				<table name="#__imageshow_showlist">
					<parameters>
						<parameter order="1">
							<![CDATA[
								INSERT INTO `#__imageshow_showlist` (`showlist_id`, `showlist_title`, `published`, `override_title`, `override_description`, `override_link`, `ordering`, `access`, `hits`, `description`, `showlist_link`, `alter_autid`, `date_create`, `image_source_type`, `image_source_name`, `image_source_profile_id`, `authorization_status`, `date_modified`, `image_loading_order`) VALUES
								(1, 'Showlist Example - JoomlaShine Team', 1, 0, 0, 0, 3, 1, 0, '', 'https://plus.google.com/u/0/?tab=wX#photos/101560173596944116173/albums/5811344002237894145', 0, '2011-10-10 04:52:39', 'external', 'picasa', 1, 0, '2011-10-10 04:52:39', 'forward');
							]]>
						</parameter>
						<parameter order="2">
							<![CDATA[
								INSERT INTO `#__imageshow_showlist` (`showlist_id`, `showlist_title`, `published`, `override_title`, `override_description`, `override_link`, `ordering`, `access`, `hits`, `description`, `showlist_link`, `alter_autid`, `date_create`, `image_source_type`, `image_source_name`, `image_source_profile_id`, `authorization_status`, `date_modified`, `image_loading_order`) VALUES			
								(2, 'Showlist Example - Architecture', 1, 0, 0, 0, 2, 1, 0, '', 'https://plus.google.com/u/0/?tab=wX#photos/101560173596944116173/albums/5809749151874927265', 0, '2011-10-10 04:53:37', 'external', 'picasa', 2, 0, '2011-10-10 04:53:37', 'forward');
							]]>
						</parameter>
						<parameter order="3">
							<![CDATA[
								INSERT INTO `#__imageshow_showlist` (`showlist_id`, `showlist_title`, `published`, `override_title`, `override_description`, `override_link`, `ordering`, `access`, `hits`, `description`, `showlist_link`, `alter_autid`, `date_create`, `image_source_type`, `image_source_name`, `image_source_profile_id`, `authorization_status`, `date_modified`, `image_loading_order`) VALUES
								(3, 'Showlist Example - Weather', 1, 0, 0, 0, 1, 1, 0, '', 'https://plus.google.com/u/0/?tab=wX#photos/101560173596944116173/albums/5436911848891029457', 0, '2011-10-10 04:54:44', 'external', 'picasa', 3, 0, '2011-10-10 04:54:44', 'forward');
							]]>
						</parameter>
					</parameters>
				</table>
				<table name="#__imageshow_images">
					<parameters>
						<parameter order="1">
							<![CDATA[
								INSERT INTO `#__imageshow_images` (`image_id`, `showlist_id`, `image_extid`, `album_extid`, `image_small`, `image_medium`, `image_big`, `image_title`, `image_description`, `image_link`, `ordering`, `custom_data`, `sync`, `image_size`, `exif_data`) VALUES
								(1, 1, '5811344106775897218', '5811344002237894145', 'http://lh6.ggpht.com/-yFKb17XA79o/UKYKrN_v5II/AAAAAAAACLE/I05VAsYJ8wI/s144/DSC_0026.jpg', 'http://lh6.ggpht.com/-yFKb17XA79o/UKYKrN_v5II/AAAAAAAACLE/I05VAsYJ8wI/s144/DSC_0026.jpg', 'http://lh6.ggpht.com/-yFKb17XA79o/UKYKrN_v5II/AAAAAAAACLE/I05VAsYJ8wI/s1024/DSC_0026.jpg', 'DSC_0026.jpg', 'Whole company members and their families are out to enjoy beautiful views and multitude of activities.', 'https://picasaweb.google.com/101560173596944116173/JSNImageShowSampleImagesJoomlaShineTeam#5811344106775897218', 1, 0, 0, NULL, 'NIKON CORPORATION/NIKON D3000, 1/1250, f/4.5, 26mm, ISO-100, no flash'),
								(2, 1, '5811344317473108482', '5811344002237894145', 'http://lh4.ggpht.com/-UyMBza0W0ck/UKYK3e54MgI/AAAAAAAACLU/NqoYnN1cDhU/s144/DSC_0208.JPG', 'http://lh4.ggpht.com/-UyMBza0W0ck/UKYK3e54MgI/AAAAAAAACLU/NqoYnN1cDhU/s144/DSC_0208.JPG', 'http://lh4.ggpht.com/-UyMBza0W0ck/UKYK3e54MgI/AAAAAAAACLU/NqoYnN1cDhU/s1024/DSC_0208.JPG', 'DSC_0208.JPG', 'Who doesn''t want to be outside, sunbathing, swimming, or playing catch on the beach? Summer is here!', 'https://picasaweb.google.com/101560173596944116173/JSNImageShowSampleImagesJoomlaShineTeam#5811344317473108482', 2, 0, 0, NULL, 'NIKON CORPORATION/NIKON D3000, 1/250, f/5.0, 35mm, ISO-800, no flash'),
								(3, 1, '5811344512547347442', '5811344002237894145', 'http://lh6.ggpht.com/-BlxQHIa3QcU/UKYLC1nM2_I/AAAAAAAACLk/8NujHI65h9g/s144/IMG_0554.jpg', 'http://lh6.ggpht.com/-BlxQHIa3QcU/UKYLC1nM2_I/AAAAAAAACLk/8NujHI65h9g/s144/IMG_0554.jpg', 'http://lh6.ggpht.com/-BlxQHIa3QcU/UKYLC1nM2_I/AAAAAAAACLk/8NujHI65h9g/s1024/IMG_0554.jpg', 'IMG_0554.jpg', 'Kicking off Tuesday! Let''s watch the blue team shine on the grass ground', 'https://picasaweb.google.com/101560173596944116173/JSNImageShowSampleImagesJoomlaShineTeam#5811344512547347442', 3, 0, 0, NULL, ''),
								(4, 1, '5811625430823192674', '5811344002237894145', 'http://lh4.ggpht.com/-Ld_ctzTTr7M/UKcKibvXyGI/AAAAAAAACM0/Zd6OnNopVfY/s144/DSC_0384.JPG', 'http://lh4.ggpht.com/-Ld_ctzTTr7M/UKcKibvXyGI/AAAAAAAACM0/Zd6OnNopVfY/s144/DSC_0384.JPG', 'http://lh4.ggpht.com/-Ld_ctzTTr7M/UKcKibvXyGI/AAAAAAAACM0/Zd6OnNopVfY/s1024/DSC_0384.JPG', 'DSC_0384.JPG', 'Get the flag and you are a winner! Tired but fun, this is the way we relax :D', 'https://picasaweb.google.com/101560173596944116173/JSNImageShowSampleImagesJoomlaShineTeam#5811625430823192674', 4, 0, 0, NULL, 'NIKON CORPORATION/NIKON D5100, 1/800, f/4.5, 28mm, ISO-125, no flash'),
								(5, 1, '5811344669201375682', '5811344002237894145', 'http://lh5.ggpht.com/-sdnBKUBTQZI/UKYLL9MbocI/AAAAAAAACL0/BNbCeRB1PWA/s144/IMG_6643.jpg', 'http://lh5.ggpht.com/-sdnBKUBTQZI/UKYLL9MbocI/AAAAAAAACL0/BNbCeRB1PWA/s144/IMG_6643.jpg', 'http://lh5.ggpht.com/-sdnBKUBTQZI/UKYLL9MbocI/AAAAAAAACL0/BNbCeRB1PWA/s1024/IMG_6643.jpg', 'IMG_6643.jpg', 'JoomlaShine is a team of full â€“ time professionals including passionate web developers, talented designers, and helpful supporters.', 'https://picasaweb.google.com/101560173596944116173/JSNImageShowSampleImagesJoomlaShineTeam#5811344669201375682', 5, 0, 0, NULL, 'Canon/Canon EOS 5D Mark II, 1/640, f/4.0, 45mm, ISO-640, no flash'),
								(6, 1, '5811626951541393490', '5811344002237894145', 'http://lh5.ggpht.com/-EPWbiuDWG0Y/UKcL6822CFI/AAAAAAAACNM/JKGfTEzwJ4g/s144/IMG_5778.JPG', 'http://lh5.ggpht.com/-EPWbiuDWG0Y/UKcL6822CFI/AAAAAAAACNM/JKGfTEzwJ4g/s144/IMG_5778.JPG', 'http://lh5.ggpht.com/-EPWbiuDWG0Y/UKcL6822CFI/AAAAAAAACNM/JKGfTEzwJ4g/s1024/IMG_5778.JPG', 'IMG_5778.JPG', 'Sometime, we go out for eat after working on the week days.', 'https://picasaweb.google.com/101560173596944116173/JSNImageShowSampleImagesJoomlaShineTeam#5811626951541393490', 6, 0, 0, NULL, 'Canon/Canon EOS Kiss X2, 1/60, f/5.0, 35mm, ISO-200, no flash'),
								(7, 1, '5811344688876402146', '5811344002237894145', 'http://lh3.ggpht.com/-d42IcvEZWo8/UKYLNGfUteI/AAAAAAAACL8/_LsNM1vCSKE/s144/IMG_9233.JPG', 'http://lh3.ggpht.com/-d42IcvEZWo8/UKYLNGfUteI/AAAAAAAACL8/_LsNM1vCSKE/s144/IMG_9233.JPG', 'http://lh3.ggpht.com/-d42IcvEZWo8/UKYLNGfUteI/AAAAAAAACL8/_LsNM1vCSKE/s1024/IMG_9233.JPG', 'IMG_9233.JPG', 'Joomla! is an incredibly powerful CMS. The more we dig into it, the more we love it.', 'https://picasaweb.google.com/101560173596944116173/JSNImageShowSampleImagesJoomlaShineTeam#5811344688876402146', 7, 0, 0, NULL, 'Canon/Canon EOS 5D Mark II, 1/640, f/5.0, 60mm, ISO-640, no flash'),
								(8, 1, '5811627176806777618', '5811344002237894145', 'http://lh3.ggpht.com/-oHY-6TLieMs/UKcMIECTAxI/AAAAAAAACNY/JskyKrs6hcI/s144/IMG_5641.JPG', 'http://lh3.ggpht.com/-oHY-6TLieMs/UKcMIECTAxI/AAAAAAAACNY/JskyKrs6hcI/s144/IMG_5641.JPG', 'http://lh3.ggpht.com/-oHY-6TLieMs/UKcMIECTAxI/AAAAAAAACNY/JskyKrs6hcI/s1024/IMG_5641.JPG', 'IMG_5641.JPG', 'So great to see 7 men with one cook. Together they burn the fire to prepare the lunch.', 'https://picasaweb.google.com/101560173596944116173/JSNImageShowSampleImagesJoomlaShineTeam#5811627176806777618', 8, 0, 0, NULL, 'Canon/Canon EOS Kiss X2, 1/640, f/3.2, 35mm, ISO-200, no flash');
							]]>
						</parameter>
						<parameter order="2">
							<![CDATA[
								INSERT INTO `#__imageshow_images` (`image_id`, `showlist_id`, `image_extid`, `album_extid`, `image_small`, `image_medium`, `image_big`, `image_title`, `image_description`, `image_link`, `ordering`, `custom_data`, `sync`, `image_size`, `exif_data`) VALUES
								(9, 2, '5809749154429913618', '5809749151874927265', 'http://lh3.ggpht.com/-Qxq8hRntX3g/UKBgExfryhI/AAAAAAAAB-o/9R3TauViHE4/s144/architecture%252520blue%252520mary%252520axe%252520britain%252520building.jpg', 'http://lh3.ggpht.com/-Qxq8hRntX3g/UKBgExfryhI/AAAAAAAAB-o/9R3TauViHE4/s144/architecture%252520blue%252520mary%252520axe%252520britain%252520building.jpg', 'http://lh3.ggpht.com/-Qxq8hRntX3g/UKBgExfryhI/AAAAAAAAB-o/9R3TauViHE4/s1024/architecture%252520blue%252520mary%252520axe%252520britain%252520building.jpg', 'architecture blue mary axe britain building.jpg', '30 St Mary Axe, also known as â€œthe Gherkinâ€, is a skyscraperÂ  in London''s financial district completed in December 2003, with height of 180 meters and 41 floors.', 'https://picasaweb.google.com/101560173596944116173/JSNImageShowSampleImagesArchitecture#5809749154429913618', 1, 0, 0, NULL, 'Canon/Canon EOS 5D Mark II, 1/320, f/9.0, 28mm, ISO-100, no flash'),
								(10, 2, '5809749155796473266', '5809749151874927265', 'http://lh3.ggpht.com/-6bVhNB6oeQE/UKBgE2lf1bI/AAAAAAAAB-w/elGx_z5LMhc/s144/architecture%252520monument%252520sky%252520building%252520montreal.jpg', 'http://lh3.ggpht.com/-6bVhNB6oeQE/UKBgE2lf1bI/AAAAAAAAB-w/elGx_z5LMhc/s144/architecture%252520monument%252520sky%252520building%252520montreal.jpg', 'http://lh3.ggpht.com/-6bVhNB6oeQE/UKBgE2lf1bI/AAAAAAAAB-w/elGx_z5LMhc/s1024/architecture%252520monument%252520sky%252520building%252520montreal.jpg', 'architecture monument sky building montreal.jpg', 'This is a Roman Catholic basilica and national shrine on the west slope of Mount Royal in Montreal, Quebec. It is Canada''s largest church.', 'https://picasaweb.google.com/101560173596944116173/JSNImageShowSampleImagesArchitecture#5809749155796473266', 2, 0, 0, NULL, 'Canon/Canon EOS 5D, 1/800, f/4.0, 17mm, ISO-100, no flash'),
								(11, 2, '5809749159985003058', '5809749151874927265', 'http://lh4.ggpht.com/-3c_cuq5v9sA/UKBgFGMHujI/AAAAAAAAB-s/0s0NAPHS3HA/s144/architecture-cathedral-church-city.jpg', 'http://lh4.ggpht.com/-3c_cuq5v9sA/UKBgFGMHujI/AAAAAAAAB-s/0s0NAPHS3HA/s144/architecture-cathedral-church-city.jpg', 'http://lh4.ggpht.com/-3c_cuq5v9sA/UKBgFGMHujI/AAAAAAAAB-s/0s0NAPHS3HA/s1024/architecture-cathedral-church-city.jpg', 'architecture-cathedral-church-city.jpg', 'York Minster is a cathedral in York, England. Itâ€™s one of the world''s most magnificent cathedrals.', 'https://picasaweb.google.com/101560173596944116173/JSNImageShowSampleImagesArchitecture#5809749159985003058', 3, 0, 0, NULL, 'Canon/Canon EOS 5D Mark II, 1/30, f/11.0, 28mm, ISO-500, no flash'),
								(12, 2, '5809749175467659826', '5809749151874927265', 'http://lh6.ggpht.com/-Qen1TiFcviM/UKBgF_3eUjI/AAAAAAAAB-0/zgK5yKVJzdY/s144/bridge%252520sighs%252520cambridge%252520river%252520boat%252520punting%252520people.jpg', 'http://lh6.ggpht.com/-Qen1TiFcviM/UKBgF_3eUjI/AAAAAAAAB-0/zgK5yKVJzdY/s144/bridge%252520sighs%252520cambridge%252520river%252520boat%252520punting%252520people.jpg', 'http://lh6.ggpht.com/-Qen1TiFcviM/UKBgF_3eUjI/AAAAAAAAB-0/zgK5yKVJzdY/s1024/bridge%252520sighs%252520cambridge%252520river%252520boat%252520punting%252520people.jpg', 'bridge sighs cambridge river boat punting people.jpg', 'The Bridge of Sighs , designed by Henry Hutchinson, is a bridge crosses the River Cam. Itâ€™s belong to St John''s College of Cambridge University.', 'https://picasaweb.google.com/101560173596944116173/JSNImageShowSampleImagesArchitecture#5809749175467659826', 4, 0, 0, NULL, 'Panasonic/DMC-FZ50, 1/200, f/5.6, 7mm, ISO-100, no flash'),
								(13, 2, '5809749176329649570', '5809749151874927265', 'http://lh4.ggpht.com/-Svm689BuKh8/UKBgGDE_PaI/AAAAAAAAB-8/-1V8W14KXO0/s144/eiffel.jpg', 'http://lh4.ggpht.com/-Svm689BuKh8/UKBgGDE_PaI/AAAAAAAAB-8/-1V8W14KXO0/s144/eiffel.jpg', 'http://lh4.ggpht.com/-Svm689BuKh8/UKBgGDE_PaI/AAAAAAAAB-8/-1V8W14KXO0/s1024/eiffel.jpg', 'eiffel.jpg', 'The Eiffel Tower, located on the Champ de Mars in Paris, is global cultural icon of France and one of the most typical structures in the world.', 'https://picasaweb.google.com/101560173596944116173/JSNImageShowSampleImagesArchitecture#5809749176329649570', 5, 0, 0, NULL, 'EASTMAN KODAK COMPANY/KODAK EASYSHARE Z710 ZOOM DIGITAL CAMERA, 1/320, f/4.0, 6mm, ISO-64'),
								(14, 2, '5809749182060786210', '5809749151874927265', 'http://lh3.ggpht.com/-4v4oPoHthPs/UKBgGYbZciI/AAAAAAAAB_A/XKcKteruBCU/s144/enormous%252520gate%252520columnar%252520walhalla.jpg', 'http://lh3.ggpht.com/-4v4oPoHthPs/UKBgGYbZciI/AAAAAAAAB_A/XKcKteruBCU/s144/enormous%252520gate%252520columnar%252520walhalla.jpg', 'http://lh3.ggpht.com/-4v4oPoHthPs/UKBgGYbZciI/AAAAAAAAB_A/XKcKteruBCU/s1024/enormous%252520gate%252520columnar%252520walhalla.jpg', 'enormous gate columnar walhalla.jpg', 'The Walhalla is a hall of fame that honors famous people in German history The hall is housed in a neo-classical building above the Danube River, Germany.', 'https://picasaweb.google.com/101560173596944116173/JSNImageShowSampleImagesArchitecture#5809749182060786210', 6, 0, 0, NULL, 'Panasonic/DMC-FZ18, 1/200, f/4.0, 4mm, ISO-100, no flash'),
								(15, 2, '5809749190437834146', '5809749151874927265', 'http://lh5.ggpht.com/-u1cDs-M-0_A/UKBgG3opDaI/AAAAAAAAB_U/g7vkQPUlHzo/s144/reichstag%252520berlin%252520cupola%252520glass%252520building%252520glass%252520dome.jpg', 'http://lh5.ggpht.com/-u1cDs-M-0_A/UKBgG3opDaI/AAAAAAAAB_U/g7vkQPUlHzo/s144/reichstag%252520berlin%252520cupola%252520glass%252520building%252520glass%252520dome.jpg', 'http://lh5.ggpht.com/-u1cDs-M-0_A/UKBgG3opDaI/AAAAAAAAB_U/g7vkQPUlHzo/s1024/reichstag%252520berlin%252520cupola%252520glass%252520building%252520glass%252520dome.jpg', 'reichstag berlin cupola glass building glass dome.jpg', 'The Reichstag dome designed by architect Norman Foster is a glass dome constructed on top of the rebuilt Reichstag building in Berlin.', 'https://picasaweb.google.com/101560173596944116173/JSNImageShowSampleImagesArchitecture#5809749190437834146', 7, 0, 0, NULL, 'SONY/DSC-P200, 1/60, f/2.8, 7mm, ISO-100, no flash'),
								(16, 2, '5809749198003611618', '5809749151874927265', 'http://lh3.ggpht.com/-CmjR7J0mgis/UKBgHT0dp-I/AAAAAAAAB_Q/Ylsh5gjiKZo/s144/westminster.jpg', 'http://lh3.ggpht.com/-CmjR7J0mgis/UKBgHT0dp-I/AAAAAAAAB_Q/Ylsh5gjiKZo/s144/westminster.jpg', 'http://lh3.ggpht.com/-CmjR7J0mgis/UKBgHT0dp-I/AAAAAAAAB_Q/Ylsh5gjiKZo/s1024/westminster.jpg', 'westminster.jpg', 'Westminster Abbey is a large Gothic church in London, United Kingdom. This is the place where British royal weddings, coronation and burial site are taken place.', 'https://picasaweb.google.com/101560173596944116173/JSNImageShowSampleImagesArchitecture#5809749198003611618', 8, 0, 0, NULL, 'Canon/Canon EOS 5D Mark II, 1/80, f/2.0, 24mm, ISO-100, no flash');
							]]>
						</parameter>
						<parameter order="3">
							<![CDATA[
								INSERT INTO `#__imageshow_images` (`image_id`, `showlist_id`, `image_extid`, `album_extid`, `image_small`, `image_medium`, `image_big`, `image_title`, `image_description`, `image_link`, `ordering`, `custom_data`, `sync`, `image_size`, `exif_data`) VALUES
								(17, 3, '5811250807206781410', '5436911848891029457', 'http://lh6.ggpht.com/-if6Tf1BMFys/UKW10eBDIeI/AAAAAAAACHA/X9-h35nEtUk/s144/Blue%252520snow.jpg', 'http://lh6.ggpht.com/-if6Tf1BMFys/UKW10eBDIeI/AAAAAAAACHA/X9-h35nEtUk/s144/Blue%252520snow.jpg', 'http://lh6.ggpht.com/-if6Tf1BMFys/UKW10eBDIeI/AAAAAAAACHA/X9-h35nEtUk/s1024/Blue%252520snow.jpg', 'Blue snow.jpg', 'Stagnant snow in a scrubby twig of tree when winter has just left.', 'https://picasaweb.google.com/101560173596944116173/JSNImageShowSampleImagesWeather#5811250807206781410', 1, 0, 0, NULL, 'Canon/Canon EOS 5D Mark II, 1/500, f/0.8333333, 300mm, ISO-100, no flash'),
								(18, 3, '5811250811552911314', '5436911848891029457', 'http://lh3.ggpht.com/-VCD1BZwOw68/UKW10uNPz9I/AAAAAAAACHE/MvmseEyRPUM/s144/Dandelion%252520under%252520the%252520sun.jpg', 'http://lh3.ggpht.com/-VCD1BZwOw68/UKW10uNPz9I/AAAAAAAACHE/MvmseEyRPUM/s144/Dandelion%252520under%252520the%252520sun.jpg', 'http://lh3.ggpht.com/-VCD1BZwOw68/UKW10uNPz9I/AAAAAAAACHE/MvmseEyRPUM/s1024/Dandelion%252520under%252520the%252520sun.jpg', 'Dandelion under the sun.jpg', 'The field of frail dandelions sway lightly in a windy and sunny day.', 'https://picasaweb.google.com/101560173596944116173/JSNImageShowSampleImagesWeather#5811250811552911314', 2, 0, 0, NULL, 'Canon/Canon EOS 50D, 1/400, f/2.0, 45mm, ISO-100, no flash'),
								(19, 3, '5811250815480538338', '5436911848891029457', 'http://lh3.ggpht.com/-EWwbmGGRrFs/UKW1081qpOI/AAAAAAAACHI/ORuvuKEmhhg/s144/Dawn%252520in%252520the%252520river.jpg', 'http://lh3.ggpht.com/-EWwbmGGRrFs/UKW1081qpOI/AAAAAAAACHI/ORuvuKEmhhg/s144/Dawn%252520in%252520the%252520river.jpg', 'http://lh3.ggpht.com/-EWwbmGGRrFs/UKW1081qpOI/AAAAAAAACHI/ORuvuKEmhhg/s1024/Dawn%252520in%252520the%252520river.jpg', 'Dawn in the river.jpg', 'It is dawning in the river in Alaska.', 'https://picasaweb.google.com/101560173596944116173/JSNImageShowSampleImagesWeather#5811250815480538338', 3, 0, 0, NULL, ''),
								(20, 3, '5811250817565512402', '5436911848891029457', 'http://lh6.ggpht.com/-WQNgoWW2yBQ/UKW11Emw0tI/AAAAAAAACHM/tgpXwrUiUf4/s144/Rain%252520is%252520coming.jpg', 'http://lh6.ggpht.com/-WQNgoWW2yBQ/UKW11Emw0tI/AAAAAAAACHM/tgpXwrUiUf4/s144/Rain%252520is%252520coming.jpg', 'http://lh6.ggpht.com/-WQNgoWW2yBQ/UKW11Emw0tI/AAAAAAAACHM/tgpXwrUiUf4/s1024/Rain%252520is%252520coming.jpg', 'Rain is coming.jpg', 'The sky is shrouded in dark clouds, rain is coming soonâ€¦', 'https://picasaweb.google.com/101560173596944116173/JSNImageShowSampleImagesWeather#5811250817565512402', 4, 0, 0, NULL, 'Canon/Canon EOS REBEL T1i, 1/400, f/14.0, 55mm, ISO-100, no flash'),
								(21, 3, '5811250836091959906', '5436911848891029457', 'http://lh5.ggpht.com/-6WRSFP0Jcng/UKW12Jnz-mI/AAAAAAAACHQ/vYFVPOOqmnQ/s144/Rainbow%252520after%252520the%252520rain.jpg', 'http://lh5.ggpht.com/-6WRSFP0Jcng/UKW12Jnz-mI/AAAAAAAACHQ/vYFVPOOqmnQ/s144/Rainbow%252520after%252520the%252520rain.jpg', 'http://lh5.ggpht.com/-6WRSFP0Jcng/UKW12Jnz-mI/AAAAAAAACHQ/vYFVPOOqmnQ/s1024/Rainbow%252520after%252520the%252520rain.jpg', 'Rainbow after the rain.jpg', 'A beautiful rainbow appears in the bright sky after the rain.', 'https://picasaweb.google.com/101560173596944116173/JSNImageShowSampleImagesWeather#5811250836091959906', 5, 0, 0, NULL, 'OLYMPUS IMAGING CORP.  /E-330           , 1/160, f/7.1, 14mm, ISO-125, no flash'),
								(22, 3, '5811250839443907314', '5436911848891029457', 'http://lh5.ggpht.com/-5siCLKN275E/UKW12WG-ovI/AAAAAAAACHc/LOIeCg9fCWw/s144/Sunrise%252520at%252520the%252520beach.jpg', 'http://lh5.ggpht.com/-5siCLKN275E/UKW12WG-ovI/AAAAAAAACHc/LOIeCg9fCWw/s144/Sunrise%252520at%252520the%252520beach.jpg', 'http://lh5.ggpht.com/-5siCLKN275E/UKW12WG-ovI/AAAAAAAACHc/LOIeCg9fCWw/s1024/Sunrise%252520at%252520the%252520beach.jpg', 'Sunrise at the beach.jpg', 'Enjoy a start of new day with brightening sunrise at the beach.', 'https://picasaweb.google.com/101560173596944116173/JSNImageShowSampleImagesWeather#5811250839443907314', 6, 0, 0, NULL, ''),
								(23, 3, '5811250836376644722', '5436911848891029457', 'http://lh5.ggpht.com/-yBRxdGd6mTI/UKW12Krr7HI/AAAAAAAACHU/1kVq539XiXE/s144/lightning.jpg', 'http://lh5.ggpht.com/-yBRxdGd6mTI/UKW12Krr7HI/AAAAAAAACHU/1kVq539XiXE/s144/lightning.jpg', 'http://lh5.ggpht.com/-yBRxdGd6mTI/UKW12Krr7HI/AAAAAAAACHU/1kVq539XiXE/s1024/lightning.jpg', 'lightning.jpg', 'Scary lighting flashes across the sky, a fierce storm might comeâ€¦', 'https://picasaweb.google.com/101560173596944116173/JSNImageShowSampleImagesWeather#5811250836376644722', 7, 0, 0, NULL, ''),
								(24, 3, '5811250848451409842', '5436911848891029457', 'http://lh3.ggpht.com/-YLmBDqesGVs/UKW123qiN7I/AAAAAAAACH0/-Bkg3LbuNqA/s144/sunset.jpg', 'http://lh3.ggpht.com/-YLmBDqesGVs/UKW123qiN7I/AAAAAAAACH0/-Bkg3LbuNqA/s144/sunset.jpg', 'http://lh3.ggpht.com/-YLmBDqesGVs/UKW123qiN7I/AAAAAAAACH0/-Bkg3LbuNqA/s1024/sunset.jpg', 'sunset.jpg', 'The beautiful moment of sunset in the sky, the day is turning to the night.', 'https://picasaweb.google.com/101560173596944116173/JSNImageShowSampleImagesWeather#5811250848451409842', 8, 0, 0, NULL, '');
							]]>
						</parameter>
					</parameters>
				</table>
			</tables>
		</task>
	</core>
	<themes author="joomlashine" description="JSN ImageShow Themes">
		<theme name="themeclassic" version="1.3.9" description="JSN ImageShow Theme Classic">
			<task name="dbtruncate">
				<tables>
					<table name="#__imageshow_theme_classic_flash">
						<parameters>
							<parameter>
								<![CDATA[
									TRUNCATE TABLE `#__imageshow_theme_classic_flash`;
								]]>
							</parameter>
						</parameters>
					</table>
					<table name="#__imageshow_theme_classic_parameters">
						<parameters>
							<parameter>
								<![CDATA[
									TRUNCATE TABLE `#__imageshow_theme_classic_parameters`;
								]]>
							</parameter>
						</parameters>
					</table>
					<table name="#__imageshow_theme_classic_javascript">
						<parameters>
							<parameter>
								<![CDATA[
									TRUNCATE TABLE `#__imageshow_theme_classic_javascript`;
								]]>
							</parameter>
						</parameters>
					</table>
				</tables>
			</task>
			<task name="dbinstall">
				<tables>
					<table name="#__imageshow_theme_classic_javascript">
						<parameters>
							<parameter order="1">
								<![CDATA[
									INSERT INTO `#__imageshow_theme_classic_javascript` (`theme_id`, `imgpanel_presentation_mode`, `imgpanel_img_click_action_fit`, `imgpanel_img_open_link_in_fit`, `imgpanel_img_click_action_expand`, `imgpanel_img_open_link_in_expand`, `imgpanel_bg_type`, `imgpanel_bg_value`, `thumbpanel_show_panel`, `thumbpanel_panel_position`, `thumbpanel_active_state_color`, `thumbpanel_thumnail_normal_state`, `thumbpanel_border`, `thumbpanel_thumb_width`, `thumbpanel_thumb_height`, `thumbpanel_thumnail_panel_color`, `infopanel_panel_position`, `infopanel_presentation`, `infopanel_bg_color_fill`, `infopanel_panel_click_action`, `infopanel_open_link_in`, `infopanel_show_title`, `infopanel_title_css`, `infopanel_show_des`, `infopanel_des_lenght_limitation`, `infopanel_des_css`, `infopanel_show_link`, `infopanel_link_css`, `toolbarpanel_presentation`, `slideshow_slide_timing`, `slideshow_auto_play`, `slideshow_looping`, `general_round_corner_radius`, `general_border_color`, `general_background_color`, `general_border_stroke`) VALUES
									(1, 'expand-out', 'no-action', 'new-browser', 'open-image-link', 'new-browser', 'solid-color', '#595959', 'off', 'bottom', '#ff6200', '#ffffff', '2', '60', '40', '#000000', 'top', 'on', '#000000', 'no-action', 'new-browser', 'yes', 'font-family: Verdana;\r\nfont-size: 12px;\r\nfont-weight: bold;\r\ntext-align: left;\r\ncolor: #E9E9E9;', 'yes', '50', 'font-family: Arial;\r\nfont-size: 11px;\r\nfont-weight: normal;\r\ntext-align: left;\r\ncolor: #AFAFAF;', 'no', 'font-family: Verdana;\r\nfont-size: 11px;\r\nfont-weight: bold;\r\ntext-align: right;\r\ncolor: #E06614;', 'off', '8', 'yes', 'yes', '0', '#cccccc', '#efefef', '1');
								]]>
							</parameter>
							<parameter order="2">
								<![CDATA[
									INSERT INTO `#__imageshow_theme_classic_javascript` (`theme_id`, `imgpanel_presentation_mode`, `imgpanel_img_click_action_fit`, `imgpanel_img_open_link_in_fit`, `imgpanel_img_click_action_expand`, `imgpanel_img_open_link_in_expand`, `imgpanel_bg_type`, `imgpanel_bg_value`, `thumbpanel_show_panel`, `thumbpanel_panel_position`, `thumbpanel_active_state_color`, `thumbpanel_thumnail_normal_state`, `thumbpanel_border`, `thumbpanel_thumb_width`, `thumbpanel_thumb_height`, `thumbpanel_thumnail_panel_color`, `infopanel_panel_position`, `infopanel_presentation`, `infopanel_bg_color_fill`, `infopanel_panel_click_action`, `infopanel_open_link_in`, `infopanel_show_title`, `infopanel_title_css`, `infopanel_show_des`, `infopanel_des_lenght_limitation`, `infopanel_des_css`, `infopanel_show_link`, `infopanel_link_css`, `toolbarpanel_presentation`, `slideshow_slide_timing`, `slideshow_auto_play`, `slideshow_looping`, `general_round_corner_radius`, `general_border_color`, `general_background_color`, `general_border_stroke`) VALUES 
									(2, 'fit-in', 'no-action', 'new-browser', 'open-image-link', 'new-browser', 'solid-color', '#595959', 'on', 'bottom', '#ff6200', '#ffffff', '2', '60', '40', '#000000', 'top', 'on', '#000000', 'no-action', 'new-browser', 'yes', 'font-family: Verdana;\r\nfont-size: 12px;\r\nfont-weight: bold;\r\ntext-align: left;\r\ncolor: #E9E9E9;', 'yes', '50', 'font-family: Arial;\r\nfont-size: 11px;\r\nfont-weight: normal;\r\ntext-align: left;\r\ncolor: #AFAFAF;', 'no', 'font-family: Verdana;\r\nfont-size: 11px;\r\nfont-weight: bold;\r\ntext-align: right;\r\ncolor: #E06614;', 'auto', '8', 'no', 'yes', '0', '#cccccc', '#efefef', '1');
								]]>
							</parameter>
						</parameters>
					</table>
				</tables>
			</task>
		</theme>
	</themes>
	<sources author="joomlashine" description="JSN ImageShow Sources">
		<source name="sourcepicasa" version="1.1.8"
			description="JSN ImageShow Source Picasa">
			<task name="dbtruncate">
				<tables>
					<table name="#__imageshow_external_source_picasa">
						<parameters>
							<parameter>
								<![CDATA[
									TRUNCATE TABLE `#__imageshow_external_source_picasa`;
								]]>
							</parameter>
						</parameters>
					</table>
				</tables>
			</task>
			<task name="dbinstall">
				<tables>
					<table name="#__imageshow_external_source_picasa">
						<parameters>
							<parameter order="1">
								<![CDATA[
									INSERT INTO `#__imageshow_external_source_picasa` (`external_source_id`, `external_source_profile_title`, `picasa_username`) VALUES (1, 'joomlashine', 'joomlashine');
								]]>
							</parameter>
						</parameters>
					</table>
				</tables>
			</task>
		</source>
	</sources>
</product>