{
  "web-development": {
    "fa-adjust": "adjust",
    "fa-american-sign-language-interpreting": "american-sign-language-interpreting",
    "fa-anchor": "anchor",
    "fa-archive": "archive",
    "fa-area-chart": "area-chart",
    "fa-arrows": "arrows",
    "fa-arrows-h": "arrows-h",
    "fa-arrows-v": "arrows-v",
    "fa-asl-interpreting": "asl-interpreting",
    "fa-assistive-listening-systems": "assistive-listening-systems",
    "fa-asterisk": "asterisk",
    "fa-at": "at",
    "fa-audio-description": "audio-description",
    "fa-automobile": "automobile",
    "fa-balance-scale": "balance-scale",
    "fa-ban": "ban",
    "fa-bank": "bank",
    "fa-bar-chart": "bar-chart",
    "fa-bar-chart-o": "bar-chart-o",
    "fa-barcode": "barcode",
    "fa-bars": "bars",
    "fa-battery-0": "battery-0",
    "fa-battery-1": "battery-1",
    "fa-battery-2": "battery-2",
    "fa-battery-3": "battery-3",
    "fa-battery-4": "battery-4",
    "fa-battery-empty": "battery-empty",
    "fa-battery-full": "battery-full",
    "fa-battery-half": "battery-half",
    "fa-battery-quarter": "battery-quarter",
    "fa-battery-three-quarters": "battery-three-quarters",
    "fa-bed": "bed",
    "fa-beer": "beer",
    "fa-bell": "bell",
    "fa-bell-o": "bell-o",
    "fa-bell-slash": "bell-slash",
    "fa-bell-slash-o": "bell-slash-o",
    "fa-bicycle": "bicycle",
    "fa-binoculars": "binoculars",
    "fa-birthday-cake": "birthday-cake",
    "fa-blind": "blind",
    "fa-bluetooth": "bluetooth",
    "fa-bluetooth-b": "bluetooth-b",
    "fa-bolt": "bolt",
    "fa-bomb": "bomb",
    "fa-book": "book",
    "fa-bookmark": "bookmark",
    "fa-bookmark-o": "bookmark-o",
    "fa-braille": "braille",
    "fa-briefcase": "briefcase",
    "fa-bug": "bug",
    "fa-building": "building",
    "fa-building-o": "building-o",
    "fa-bullhorn": "bullhorn",
    "fa-bullseye": "bullseye",
    "fa-bus": "bus",
    "fa-cab": "cab",
    "fa-calculator": "calculator",
    "fa-calendar": "calendar",
    "fa-calendar-check-o": "calendar-check-o",
    "fa-calendar-minus-o": "calendar-minus-o",
    "fa-calendar-o": "calendar-o",
    "fa-calendar-plus-o": "calendar-plus-o",
    "fa-calendar-times-o": "calendar-times-o",
    "fa-camera": "camera",
    "fa-camera-retro": "camera-retro",
    "fa-car": "car",
    "fa-caret-square-o-down": "caret-square-o-down",
    "fa-caret-square-o-left": "caret-square-o-left",
    "fa-caret-square-o-right": "caret-square-o-right",
    "fa-caret-square-o-up": "caret-square-o-up",
    "fa-cart-arrow-down": "cart-arrow-down",
    "fa-cart-plus": "cart-plus",
    "fa-cc": "cc",
    "fa-certificate": "certificate",
    "fa-check": "check",
    "fa-check-circle": "check-circle",
    "fa-check-circle-o": "check-circle-o",
    "fa-check-square": "check-square",
    "fa-check-square-o": "check-square-o",
    "fa-child": "child",
    "fa-circle": "circle",
    "fa-circle-o": "circle-o",
    "fa-circle-o-notch": "circle-o-notch",
    "fa-circle-thin": "circle-thin",
    "fa-clock-o": "clock-o",
    "fa-clone": "clone",
    "fa-close": "close",
    "fa-cloud": "cloud",
    "fa-cloud-download": "cloud-download",
    "fa-cloud-upload": "cloud-upload",
    "fa-code": "code",
    "fa-code-fork": "code-fork",
    "fa-coffee": "coffee",
    "fa-cog": "cog",
    "fa-cogs": "cogs",
    "fa-comment": "comment",
    "fa-comment-o": "comment-o",
    "fa-commenting": "commenting",
    "fa-commenting-o": "commenting-o",
    "fa-comments": "comments",
    "fa-comments-o": "comments-o",
    "fa-compass": "compass",
    "fa-copyright": "copyright",
    "fa-creative-commons": "creative-commons",
    "fa-credit-card": "credit-card",
    "fa-credit-card-alt": "credit-card-alt",
    "fa-crop": "crop",
    "fa-crosshairs": "crosshairs",
    "fa-cube": "cube",
    "fa-cubes": "cubes",
    "fa-cutlery": "cutlery",
    "fa-dashboard": "dashboard",
    "fa-database": "database",
    "fa-deaf": "deaf",
    "fa-deafness": "deafness",
    "fa-desktop": "desktop",
    "fa-diamond": "diamond",
    "fa-dot-circle-o": "dot-circle-o",
    "fa-download": "download",
    "fa-edit": "edit",
    "fa-ellipsis-h": "ellipsis-h",
    "fa-ellipsis-v": "ellipsis-v",
    "fa-envelope": "envelope",
    "fa-envelope-o": "envelope-o",
    "fa-envelope-square": "envelope-square",
    "fa-eraser": "eraser",
    "fa-exchange": "exchange",
    "fa-exclamation": "exclamation",
    "fa-exclamation-circle": "exclamation-circle",
    "fa-exclamation-triangle": "exclamation-triangle",
    "fa-external-link": "external-link",
    "fa-external-link-square": "external-link-square",
    "fa-eye": "eye",
    "fa-eye-slash": "eye-slash",
    "fa-eyedropper": "eyedropper",
    "fa-fax": "fax",
    "fa-feed": "feed",
    "fa-female": "female",
    "fa-fighter-jet": "fighter-jet",
    "fa-file-archive-o": "file-archive-o",
    "fa-file-audio-o": "file-audio-o",
    "fa-file-code-o": "file-code-o",
    "fa-file-excel-o": "file-excel-o",
    "fa-file-image-o": "file-image-o",
    "fa-file-movie-o": "file-movie-o",
    "fa-file-pdf-o": "file-pdf-o",
    "fa-file-photo-o": "file-photo-o",
    "fa-file-picture-o": "file-picture-o",
    "fa-file-powerpoint-o": "file-powerpoint-o",
    "fa-file-sound-o": "file-sound-o",
    "fa-file-video-o": "file-video-o",
    "fa-file-word-o": "file-word-o",
    "fa-file-zip-o": "file-zip-o",
    "fa-film": "film",
    "fa-filter": "filter",
    "fa-fire": "fire",
    "fa-fire-extinguisher": "fire-extinguisher",
    "fa-flag": "flag",
    "fa-flag-checkered": "flag-checkered",
    "fa-flag-o": "flag-o",
    "fa-flash": "flash",
    "fa-flask": "flask",
    "fa-folder": "folder",
    "fa-folder-o": "folder-o",
    "fa-folder-open": "folder-open",
    "fa-folder-open-o": "folder-open-o",
    "fa-frown-o": "frown-o",
    "fa-futbol-o": "futbol-o",
    "fa-gamepad": "gamepad",
    "fa-gavel": "gavel",
    "fa-gear": "gear",
    "fa-gears": "gears",
    "fa-gift": "gift",
    "fa-glass": "glass",
    "fa-globe": "globe",
    "fa-graduation-cap": "graduation-cap",
    "fa-group": "group",
    "fa-hand-grab-o": "hand-grab-o",
    "fa-hand-lizard-o": "hand-lizard-o",
    "fa-hand-paper-o": "hand-paper-o",
    "fa-hand-peace-o": "hand-peace-o",
    "fa-hand-pointer-o": "hand-pointer-o",
    "fa-hand-rock-o": "hand-rock-o",
    "fa-hand-scissors-o": "hand-scissors-o",
    "fa-hand-spock-o": "hand-spock-o",
    "fa-hand-stop-o": "hand-stop-o",
    "fa-hard-of-hearing": "hard-of-hearing",
    "fa-hashtag": "hashtag",
    "fa-hdd-o": "hdd-o",
    "fa-headphones": "headphones",
    "fa-heart": "heart",
    "fa-heart-o": "heart-o",
    "fa-heartbeat": "heartbeat",
    "fa-history": "history",
    "fa-home": "home",
    "fa-hotel": "hotel",
    "fa-hourglass": "hourglass",
    "fa-hourglass-1": "hourglass-1",
    "fa-hourglass-2": "hourglass-2",
    "fa-hourglass-3": "hourglass-3",
    "fa-hourglass-end": "hourglass-end",
    "fa-hourglass-half": "hourglass-half",
    "fa-hourglass-o": "hourglass-o",
    "fa-hourglass-start": "hourglass-start",
    "fa-i-cursor": "i-cursor",
    "fa-image": "image",
    "fa-inbox": "inbox",
    "fa-industry": "industry",
    "fa-info": "info",
    "fa-info-circle": "info-circle",
    "fa-institution": "institution",
    "fa-key": "key",
    "fa-keyboard-o": "keyboard-o",
    "fa-language": "language",
    "fa-laptop": "laptop",
    "fa-leaf": "leaf",
    "fa-legal": "legal",
    "fa-lemon-o": "lemon-o",
    "fa-level-down": "level-down",
    "fa-level-up": "level-up",
    "fa-life-bouy": "life-bouy",
    "fa-life-buoy": "life-buoy",
    "fa-life-ring": "life-ring",
    "fa-life-saver": "life-saver",
    "fa-lightbulb-o": "lightbulb-o",
    "fa-line-chart": "line-chart",
    "fa-location-arrow": "location-arrow",
    "fa-lock": "lock",
    "fa-low-vision": "low-vision",
    "fa-magic": "magic",
    "fa-magnet": "magnet",
    "fa-mail-forward": "mail-forward",
    "fa-mail-reply": "mail-reply",
    "fa-mail-reply-all": "mail-reply-all",
    "fa-male": "male",
    "fa-map": "map",
    "fa-map-marker": "map-marker",
    "fa-map-o": "map-o",
    "fa-map-pin": "map-pin",
    "fa-map-signs": "map-signs",
    "fa-meh-o": "meh-o",
    "fa-microphone": "microphone",
    "fa-microphone-slash": "microphone-slash",
    "fa-minus": "minus",
    "fa-minus-circle": "minus-circle",
    "fa-minus-square": "minus-square",
    "fa-minus-square-o": "minus-square-o",
    "fa-mobile": "mobile",
    "fa-mobile-phone": "mobile-phone",
    "fa-money": "money",
    "fa-moon-o": "moon-o",
    "fa-mortar-board": "mortar-board",
    "fa-motorcycle": "motorcycle",
    "fa-mouse-pointer": "mouse-pointer",
    "fa-music": "music",
    "fa-navicon": "navicon",
    "fa-newspaper-o": "newspaper-o",
    "fa-object-group": "object-group",
    "fa-object-ungroup": "object-ungroup",
    "fa-paint-brush": "paint-brush",
    "fa-paper-plane": "paper-plane",
    "fa-paper-plane-o": "paper-plane-o",
    "fa-paw": "paw",
    "fa-pencil": "pencil",
    "fa-pencil-square": "pencil-square",
    "fa-pencil-square-o": "pencil-square-o",
    "fa-percent": "percent",
    "fa-phone": "phone",
    "fa-phone-square": "phone-square",
    "fa-photo": "photo",
    "fa-picture-o": "picture-o",
    "fa-pie-chart": "pie-chart",
    "fa-plane": "plane",
    "fa-plug": "plug",
    "fa-plus": "plus",
    "fa-plus-circle": "plus-circle",
    "fa-plus-square": "plus-square",
    "fa-plus-square-o": "plus-square-o",
    "fa-power-off": "power-off",
    "fa-print": "print",
    "fa-puzzle-piece": "puzzle-piece",
    "fa-qrcode": "qrcode",
    "fa-question": "question",
    "fa-question-circle": "question-circle",
    "fa-question-circle-o": "question-circle-o",
    "fa-quote-left": "quote-left",
    "fa-quote-right": "quote-right",
    "fa-random": "random",
    "fa-recycle": "recycle",
    "fa-refresh": "refresh",
    "fa-registered": "registered",
    "fa-remove": "remove",
    "fa-reorder": "reorder",
    "fa-reply": "reply",
    "fa-reply-all": "reply-all",
    "fa-retweet": "retweet",
    "fa-road": "road",
    "fa-rocket": "rocket",
    "fa-rss": "rss",
    "fa-rss-square": "rss-square",
    "fa-search": "search",
    "fa-search-minus": "search-minus",
    "fa-search-plus": "search-plus",
    "fa-send": "send",
    "fa-send-o": "send-o",
    "fa-server": "server",
    "fa-share": "share",
    "fa-share-alt": "share-alt",
    "fa-share-alt-square": "share-alt-square",
    "fa-share-square": "share-square",
    "fa-share-square-o": "share-square-o",
    "fa-shield": "shield",
    "fa-ship": "ship",
    "fa-shopping-bag": "shopping-bag",
    "fa-shopping-basket": "shopping-basket",
    "fa-shopping-cart": "shopping-cart",
    "fa-sign-in": "sign-in",
    "fa-sign-language": "sign-language",
    "fa-sign-out": "sign-out",
    "fa-signal": "signal",
    "fa-signing": "signing",
    "fa-sitemap": "sitemap",
    "fa-sliders": "sliders",
    "fa-smile-o": "smile-o",
    "fa-soccer-ball-o": "soccer-ball-o",
    "fa-sort": "sort",
    "fa-sort-alpha-asc": "sort-alpha-asc",
    "fa-sort-alpha-desc": "sort-alpha-desc",
    "fa-sort-amount-asc": "sort-amount-asc",
    "fa-sort-amount-desc": "sort-amount-desc",
    "fa-sort-asc": "sort-asc",
    "fa-sort-desc": "sort-desc",
    "fa-sort-down": "sort-down",
    "fa-sort-numeric-asc": "sort-numeric-asc",
    "fa-sort-numeric-desc": "sort-numeric-desc",
    "fa-sort-up": "sort-up",
    "fa-space-shuttle": "space-shuttle",
    "fa-spinner": "spinner",
    "fa-spoon": "spoon",
    "fa-square": "square",
    "fa-square-o": "square-o",
    "fa-star": "star",
    "fa-star-half": "star-half",
    "fa-star-half-empty": "star-half-empty",
    "fa-star-half-full": "star-half-full",
    "fa-star-half-o": "star-half-o",
    "fa-star-o": "star-o",
    "fa-sticky-note": "sticky-note",
    "fa-sticky-note-o": "sticky-note-o",
    "fa-street-view": "street-view",
    "fa-suitcase": "suitcase",
    "fa-sun-o": "sun-o",
    "fa-support": "support",
    "fa-tablet": "tablet",
    "fa-tachometer": "tachometer",
    "fa-tag": "tag",
    "fa-tags": "tags",
    "fa-tasks": "tasks",
    "fa-taxi": "taxi",
    "fa-television": "television",
    "fa-terminal": "terminal",
    "fa-thumb-tack": "thumb-tack",
    "fa-thumbs-down": "thumbs-down",
    "fa-thumbs-o-down": "thumbs-o-down",
    "fa-thumbs-o-up": "thumbs-o-up",
    "fa-thumbs-up": "thumbs-up",
    "fa-ticket": "ticket",
    "fa-times": "times",
    "fa-times-circle": "times-circle",
    "fa-times-circle-o": "times-circle-o",
    "fa-tint": "tint",
    "fa-toggle-down": "toggle-down",
    "fa-toggle-left": "toggle-left",
    "fa-toggle-off": "toggle-off",
    "fa-toggle-on": "toggle-on",
    "fa-toggle-right": "toggle-right",
    "fa-toggle-up": "toggle-up",
    "fa-trademark": "trademark",
    "fa-trash": "trash",
    "fa-trash-o": "trash-o",
    "fa-tree": "tree",
    "fa-trophy": "trophy",
    "fa-truck": "truck",
    "fa-tty": "tty",
    "fa-tv": "tv",
    "fa-umbrella": "umbrella",
    "fa-universal-access": "universal-access",
    "fa-university": "university",
    "fa-unlock": "unlock",
    "fa-unlock-alt": "unlock-alt",
    "fa-unsorted": "unsorted",
    "fa-upload": "upload",
    "fa-user": "user",
    "fa-user-plus": "user-plus",
    "fa-user-secret": "user-secret",
    "fa-user-times": "user-times",
    "fa-users": "users",
    "fa-video-camera": "video-camera",
    "fa-volume-control-phone": "volume-control-phone",
    "fa-volume-down": "volume-down",
    "fa-volume-off": "volume-off",
    "fa-volume-up": "volume-up",
    "fa-warning": "warning",
    "fa-wheelchair": "wheelchair",
    "fa-wheelchair-alt": "wheelchair-alt",
    "fa-wifi": "wifi",
    "fa-wrench": "wrench"
  },
  "accessibility": {
    "fa-american-sign-language-interpreting": "american-sign-language-interpreting",
    "fa-asl-interpreting": "asl-interpreting",
    "fa-assistive-listening-systems": "assistive-listening-systems",
    "fa-audio-description": "audio-description",
    "fa-blind": "blind",
    "fa-braille": "braille",
    "fa-cc": "cc",
    "fa-deaf": "deaf",
    "fa-deafness": "deafness",
    "fa-hard-of-hearing": "hard-of-hearing",
    "fa-low-vision": "low-vision",
    "fa-question-circle-o": "question-circle-o",
    "fa-sign-language": "sign-language",
    "fa-signing": "signing",
    "fa-tty": "tty",
    "fa-universal-access": "universal-access",
    "fa-volume-control-phone": "volume-control-phone",
    "fa-wheelchair": "wheelchair",
    "fa-wheelchair-alt": "wheelchair-alt"
  },
  "hand": {
    "fa-hand-grab-o": "hand-grab-o",
    "fa-hand-lizard-o": "hand-lizard-o",
    "fa-hand-o-down": "hand-o-down",
    "fa-hand-o-left": "hand-o-left",
    "fa-hand-o-right": "hand-o-right",
    "fa-hand-o-up": "hand-o-up",
    "fa-hand-paper-o": "hand-paper-o",
    "fa-hand-peace-o": "hand-peace-o",
    "fa-hand-pointer-o": "hand-pointer-o",
    "fa-hand-rock-o": "hand-rock-o",
    "fa-hand-scissors-o": "hand-scissors-o",
    "fa-hand-spock-o": "hand-spock-o",
    "fa-hand-stop-o": "hand-stop-o",
    "fa-thumbs-down": "thumbs-down",
    "fa-thumbs-o-down": "thumbs-o-down",
    "fa-thumbs-o-up": "thumbs-o-up",
    "fa-thumbs-up": "thumbs-up"
  },
  "transportation": {
    "fa-ambulance": "ambulance",
    "fa-automobile": "automobile",
    "fa-bicycle": "bicycle",
    "fa-bus": "bus",
    "fa-cab": "cab",
    "fa-car": "car",
    "fa-fighter-jet": "fighter-jet",
    "fa-motorcycle": "motorcycle",
    "fa-plane": "plane",
    "fa-rocket": "rocket",
    "fa-ship": "ship",
    "fa-space-shuttle": "space-shuttle",
    "fa-subway": "subway",
    "fa-taxi": "taxi",
    "fa-train": "train",
    "fa-truck": "truck",
    "fa-wheelchair": "wheelchair",
    "fa-wheelchair-alt": "wheelchair-alt"
  },
  "gender": {
    "fa-genderless": "genderless",
    "fa-intersex": "intersex",
    "fa-mars": "mars",
    "fa-mars-double": "mars-double",
    "fa-mars-stroke": "mars-stroke",
    "fa-mars-stroke-h": "mars-stroke-h",
    "fa-mars-stroke-v": "mars-stroke-v",
    "fa-mercury": "mercury",
    "fa-neuter": "neuter",
    "fa-transgender": "transgender",
    "fa-transgender-alt": "transgender-alt",
    "fa-venus": "venus",
    "fa-venus-double": "venus-double",
    "fa-venus-mars": "venus-mars"
  },
  "file-type": {
    "fa-file": "file",
    "fa-file-archive-o": "file-archive-o",
    "fa-file-audio-o": "file-audio-o",
    "fa-file-code-o": "file-code-o",
    "fa-file-excel-o": "file-excel-o",
    "fa-file-image-o": "file-image-o",
    "fa-file-movie-o": "file-movie-o",
    "fa-file-o": "file-o",
    "fa-file-pdf-o": "file-pdf-o",
    "fa-file-photo-o": "file-photo-o",
    "fa-file-picture-o": "file-picture-o",
    "fa-file-powerpoint-o": "file-powerpoint-o",
    "fa-file-sound-o": "file-sound-o",
    "fa-file-text": "file-text",
    "fa-file-text-o": "file-text-o",
    "fa-file-video-o": "file-video-o",
    "fa-file-word-o": "file-word-o",
    "fa-file-zip-o": "file-zip-o"
  },
  "spinner": {
    "fa-circle-o-notch": "circle-o-notch",
    "fa-cog": "cog",
    "fa-gear": "gear",
    "fa-refresh": "refresh",
    "fa-spinner": "spinner"
  },
  "form-control": {
    "fa-check-square": "check-square",
    "fa-check-square-o": "check-square-o",
    "fa-circle": "circle",
    "fa-circle-o": "circle-o",
    "fa-dot-circle-o": "dot-circle-o",
    "fa-minus-square": "minus-square",
    "fa-minus-square-o": "minus-square-o",
    "fa-plus-square": "plus-square",
    "fa-plus-square-o": "plus-square-o",
    "fa-square": "square",
    "fa-square-o": "square-o"
  },
  "payment": {
    "fa-cc-amex": "cc-amex",
    "fa-cc-diners-club": "cc-diners-club",
    "fa-cc-discover": "cc-discover",
    "fa-cc-jcb": "cc-jcb",
    "fa-cc-mastercard": "cc-mastercard",
    "fa-cc-paypal": "cc-paypal",
    "fa-cc-stripe": "cc-stripe",
    "fa-cc-visa": "cc-visa",
    "fa-credit-card": "credit-card",
    "fa-credit-card-alt": "credit-card-alt",
    "fa-google-wallet": "google-wallet",
    "fa-paypal": "paypal"
  },
  "chart": {
    "fa-area-chart": "area-chart",
    "fa-bar-chart": "bar-chart",
    "fa-bar-chart-o": "bar-chart-o",
    "fa-line-chart": "line-chart",
    "fa-pie-chart": "pie-chart"
  },
  "currency": {
    "fa-bitcoin": "bitcoin",
    "fa-btc": "btc",
    "fa-cny": "cny",
    "fa-dollar": "dollar",
    "fa-eur": "eur",
    "fa-euro": "euro",
    "fa-gbp": "gbp",
    "fa-gg": "gg",
    "fa-gg-circle": "gg-circle",
    "fa-ils": "ils",
    "fa-inr": "inr",
    "fa-jpy": "jpy",
    "fa-krw": "krw",
    "fa-money": "money",
    "fa-rmb": "rmb",
    "fa-rouble": "rouble",
    "fa-rub": "rub",
    "fa-ruble": "ruble",
    "fa-rupee": "rupee",
    "fa-shekel": "shekel",
    "fa-sheqel": "sheqel",
    "fa-try": "try",
    "fa-turkish-lira": "turkish-lira",
    "fa-usd": "usd",
    "fa-won": "won",
    "fa-yen": "yen"
  },
  "text-editor": {
    "fa-align-center": "align-center",
    "fa-align-justify": "align-justify",
    "fa-align-left": "align-left",
    "fa-align-right": "align-right",
    "fa-bold": "bold",
    "fa-chain": "chain",
    "fa-chain-broken": "chain-broken",
    "fa-clipboard": "clipboard",
    "fa-columns": "columns",
    "fa-copy": "copy",
    "fa-cut": "cut",
    "fa-dedent": "dedent",
    "fa-eraser": "eraser",
    "fa-file": "file",
    "fa-file-o": "file-o",
    "fa-file-text": "file-text",
    "fa-file-text-o": "file-text-o",
    "fa-files-o": "files-o",
    "fa-floppy-o": "floppy-o",
    "fa-font": "font",
    "fa-header": "header",
    "fa-indent": "indent",
    "fa-italic": "italic",
    "fa-link": "link",
    "fa-list": "list",
    "fa-list-alt": "list-alt",
    "fa-list-ol": "list-ol",
    "fa-list-ul": "list-ul",
    "fa-outdent": "outdent",
    "fa-paperclip": "paperclip",
    "fa-paragraph": "paragraph",
    "fa-paste": "paste",
    "fa-repeat": "repeat",
    "fa-rotate-left": "rotate-left",
    "fa-rotate-right": "rotate-right",
    "fa-save": "save",
    "fa-scissors": "scissors",
    "fa-strikethrough": "strikethrough",
    "fa-subscript": "subscript",
    "fa-superscript": "superscript",
    "fa-table": "table",
    "fa-text-height": "text-height",
    "fa-text-width": "text-width",
    "fa-th": "th",
    "fa-th-large": "th-large",
    "fa-th-list": "th-list",
    "fa-underline": "underline",
    "fa-undo": "undo",
    "fa-unlink": "unlink"
  },
  "directional": {
    "fa-angle-double-down": "angle-double-down",
    "fa-angle-double-left": "angle-double-left",
    "fa-angle-double-right": "angle-double-right",
    "fa-angle-double-up": "angle-double-up",
    "fa-angle-down": "angle-down",
    "fa-angle-left": "angle-left",
    "fa-angle-right": "angle-right",
    "fa-angle-up": "angle-up",
    "fa-arrow-circle-down": "arrow-circle-down",
    "fa-arrow-circle-left": "arrow-circle-left",
    "fa-arrow-circle-o-down": "arrow-circle-o-down",
    "fa-arrow-circle-o-left": "arrow-circle-o-left",
    "fa-arrow-circle-o-right": "arrow-circle-o-right",
    "fa-arrow-circle-o-up": "arrow-circle-o-up",
    "fa-arrow-circle-right": "arrow-circle-right",
    "fa-arrow-circle-up": "arrow-circle-up",
    "fa-arrow-down": "arrow-down",
    "fa-arrow-left": "arrow-left",
    "fa-arrow-right": "arrow-right",
    "fa-arrow-up": "arrow-up",
    "fa-arrows": "arrows",
    "fa-arrows-alt": "arrows-alt",
    "fa-arrows-h": "arrows-h",
    "fa-arrows-v": "arrows-v",
    "fa-caret-down": "caret-down",
    "fa-caret-left": "caret-left",
    "fa-caret-right": "caret-right",
    "fa-caret-square-o-down": "caret-square-o-down",
    "fa-caret-square-o-left": "caret-square-o-left",
    "fa-caret-square-o-right": "caret-square-o-right",
    "fa-caret-square-o-up": "caret-square-o-up",
    "fa-caret-up": "caret-up",
    "fa-chevron-circle-down": "chevron-circle-down",
    "fa-chevron-circle-left": "chevron-circle-left",
    "fa-chevron-circle-right": "chevron-circle-right",
    "fa-chevron-circle-up": "chevron-circle-up",
    "fa-chevron-down": "chevron-down",
    "fa-chevron-left": "chevron-left",
    "fa-chevron-right": "chevron-right",
    "fa-chevron-up": "chevron-up",
    "fa-exchange": "exchange",
    "fa-hand-o-down": "hand-o-down",
    "fa-hand-o-left": "hand-o-left",
    "fa-hand-o-right": "hand-o-right",
    "fa-hand-o-up": "hand-o-up",
    "fa-long-arrow-down": "long-arrow-down",
    "fa-long-arrow-left": "long-arrow-left",
    "fa-long-arrow-right": "long-arrow-right",
    "fa-long-arrow-up": "long-arrow-up",
    "fa-toggle-down": "toggle-down",
    "fa-toggle-left": "toggle-left",
    "fa-toggle-right": "toggle-right",
    "fa-toggle-up": "toggle-up"
  },
  "video-player": {
    "fa-arrows-alt": "arrows-alt",
    "fa-backward": "backward",
    "fa-compress": "compress",
    "fa-eject": "eject",
    "fa-expand": "expand",
    "fa-fast-backward": "fast-backward",
    "fa-fast-forward": "fast-forward",
    "fa-forward": "forward",
    "fa-pause": "pause",
    "fa-pause-circle": "pause-circle",
    "fa-pause-circle-o": "pause-circle-o",
    "fa-play": "play",
    "fa-play-circle": "play-circle",
    "fa-play-circle-o": "play-circle-o",
    "fa-random": "random",
    "fa-step-backward": "step-backward",
    "fa-step-forward": "step-forward",
    "fa-stop": "stop",
    "fa-stop-circle": "stop-circle",
    "fa-stop-circle-o": "stop-circle-o",
    "fa-youtube-play": "youtube-play"
  },
  "brand": {
    "fa-500px": "500px",
    "fa-adn": "adn",
    "fa-amazon": "amazon",
    "fa-android": "android",
    "fa-angellist": "angellist",
    "fa-apple": "apple",
    "fa-behance": "behance",
    "fa-behance-square": "behance-square",
    "fa-bitbucket": "bitbucket",
    "fa-bitbucket-square": "bitbucket-square",
    "fa-bitcoin": "bitcoin",
    "fa-black-tie": "black-tie",
    "fa-bluetooth": "bluetooth",
    "fa-bluetooth-b": "bluetooth-b",
    "fa-btc": "btc",
    "fa-buysellads": "buysellads",
    "fa-cc-amex": "cc-amex",
    "fa-cc-diners-club": "cc-diners-club",
    "fa-cc-discover": "cc-discover",
    "fa-cc-jcb": "cc-jcb",
    "fa-cc-mastercard": "cc-mastercard",
    "fa-cc-paypal": "cc-paypal",
    "fa-cc-stripe": "cc-stripe",
    "fa-cc-visa": "cc-visa",
    "fa-chrome": "chrome",
    "fa-codepen": "codepen",
    "fa-codiepie": "codiepie",
    "fa-connectdevelop": "connectdevelop",
    "fa-contao": "contao",
    "fa-css3": "css3",
    "fa-dashcube": "dashcube",
    "fa-delicious": "delicious",
    "fa-deviantart": "deviantart",
    "fa-digg": "digg",
    "fa-dribbble": "dribbble",
    "fa-dropbox": "dropbox",
    "fa-drupal": "drupal",
    "fa-edge": "edge",
    "fa-empire": "empire",
    "fa-envira": "envira",
    "fa-expeditedssl": "expeditedssl",
    "fa-fa": "fa",
    "fa-facebook": "facebook",
    "fa-facebook-f": "facebook-f",
    "fa-facebook-official": "facebook-official",
    "fa-facebook-square": "facebook-square",
    "fa-firefox": "firefox",
    "fa-first-order": "first-order",
    "fa-flickr": "flickr",
    "fa-font-awesome": "font-awesome",
    "fa-fonticons": "fonticons",
    "fa-fort-awesome": "fort-awesome",
    "fa-forumbee": "forumbee",
    "fa-foursquare": "foursquare",
    "fa-ge": "ge",
    "fa-get-pocket": "get-pocket",
    "fa-gg": "gg",
    "fa-gg-circle": "gg-circle",
    "fa-git": "git",
    "fa-git-square": "git-square",
    "fa-github": "github",
    "fa-github-alt": "github-alt",
    "fa-github-square": "github-square",
    "fa-gitlab": "gitlab",
    "fa-gittip": "gittip",
    "fa-glide": "glide",
    "fa-glide-g": "glide-g",
    "fa-google": "google",
    "fa-google-plus": "google-plus",
    "fa-google-plus-circle": "google-plus-circle",
    "fa-google-plus-official": "google-plus-official",
    "fa-google-plus-square": "google-plus-square",
    "fa-google-wallet": "google-wallet",
    "fa-gratipay": "gratipay",
    "fa-hacker-news": "hacker-news",
    "fa-houzz": "houzz",
    "fa-html5": "html5",
    "fa-instagram": "instagram",
    "fa-internet-explorer": "internet-explorer",
    "fa-ioxhost": "ioxhost",
    "fa-joomla": "joomla",
    "fa-jsfiddle": "jsfiddle",
    "fa-lastfm": "lastfm",
    "fa-lastfm-square": "lastfm-square",
    "fa-leanpub": "leanpub",
    "fa-linkedin": "linkedin",
    "fa-linkedin-square": "linkedin-square",
    "fa-linux": "linux",
    "fa-maxcdn": "maxcdn",
    "fa-meanpath": "meanpath",
    "fa-medium": "medium",
    "fa-mixcloud": "mixcloud",
    "fa-modx": "modx",
    "fa-odnoklassniki": "odnoklassniki",
    "fa-odnoklassniki-square": "odnoklassniki-square",
    "fa-opencart": "opencart",
    "fa-openid": "openid",
    "fa-opera": "opera",
    "fa-optin-monster": "optin-monster",
    "fa-pagelines": "pagelines",
    "fa-paypal": "paypal",
    "fa-pied-piper": "pied-piper",
    "fa-pied-piper-alt": "pied-piper-alt",
    "fa-pied-piper-pp": "pied-piper-pp",
    "fa-pinterest": "pinterest",
    "fa-pinterest-p": "pinterest-p",
    "fa-pinterest-square": "pinterest-square",
    "fa-product-hunt": "product-hunt",
    "fa-qq": "qq",
    "fa-ra": "ra",
    "fa-rebel": "rebel",
    "fa-reddit": "reddit",
    "fa-reddit-alien": "reddit-alien",
    "fa-reddit-square": "reddit-square",
    "fa-renren": "renren",
    "fa-resistance": "resistance",
    "fa-safari": "safari",
    "fa-scribd": "scribd",
    "fa-sellsy": "sellsy",
    "fa-share-alt": "share-alt",
    "fa-share-alt-square": "share-alt-square",
    "fa-shirtsinbulk": "shirtsinbulk",
    "fa-simplybuilt": "simplybuilt",
    "fa-skyatlas": "skyatlas",
    "fa-skype": "skype",
    "fa-slack": "slack",
    "fa-slideshare": "slideshare",
    "fa-snapchat": "snapchat",
    "fa-snapchat-ghost": "snapchat-ghost",
    "fa-snapchat-square": "snapchat-square",
    "fa-soundcloud": "soundcloud",
    "fa-spotify": "spotify",
    "fa-stack-exchange": "stack-exchange",
    "fa-stack-overflow": "stack-overflow",
    "fa-steam": "steam",
    "fa-steam-square": "steam-square",
    "fa-stumbleupon": "stumbleupon",
    "fa-stumbleupon-circle": "stumbleupon-circle",
    "fa-tencent-weibo": "tencent-weibo",
    "fa-themeisle": "themeisle",
    "fa-trello": "trello",
    "fa-tripadvisor": "tripadvisor",
    "fa-tumblr": "tumblr",
    "fa-tumblr-square": "tumblr-square",
    "fa-twitch": "twitch",
    "fa-twitter": "twitter",
    "fa-twitter-square": "twitter-square",
    "fa-usb": "usb",
    "fa-viacoin": "viacoin",
    "fa-viadeo": "viadeo",
    "fa-viadeo-square": "viadeo-square",
    "fa-vimeo": "vimeo",
    "fa-vimeo-square": "vimeo-square",
    "fa-vine": "vine",
    "fa-vk": "vk",
    "fa-wechat": "wechat",
    "fa-weibo": "weibo",
    "fa-weixin": "weixin",
    "fa-whatsapp": "whatsapp",
    "fa-wikipedia-w": "wikipedia-w",
    "fa-windows": "windows",
    "fa-wordpress": "wordpress",
    "fa-wpbeginner": "wpbeginner",
    "fa-wpforms": "wpforms",
    "fa-xing": "xing",
    "fa-xing-square": "xing-square",
    "fa-y-combinator": "y-combinator",
    "fa-y-combinator-square": "y-combinator-square",
    "fa-yahoo": "yahoo",
    "fa-yc": "yc",
    "fa-yc-square": "yc-square",
    "fa-yelp": "yelp",
    "fa-yoast": "yoast",
    "fa-youtube": "youtube",
    "fa-youtube-play": "youtube-play",
    "fa-youtube-square": "youtube-square"
  },
  "medical": {
    "fa-ambulance": "ambulance",
    "fa-h-square": "h-square",
    "fa-heart": "heart",
    "fa-heart-o": "heart-o",
    "fa-heartbeat": "heartbeat",
    "fa-hospital-o": "hospital-o",
    "fa-medkit": "medkit",
    "fa-plus-square": "plus-square",
    "fa-stethoscope": "stethoscope",
    "fa-user-md": "user-md",
    "fa-wheelchair": "wheelchair",
    "fa-wheelchair-alt": "wheelchair-alt"
  }  
}